Sección;Código;Descripción;PVR;PVP;Promoción
Páginas 002-003;01536044;Eau de Parfum Afrodisíaco x 100ml - Nuevo;20000,00;29999,99;
Páginas 004-005;50000141;Neceser Black - Nuevo;20000,00;24999,99;
Páginas 004-005;80250040;Box Masculino Afrodísiaco - Nuevo;16000,00;19999,99;
Páginas 006-007;01536027;Eau de parfum Deluxe Bravío x 110ml;20000,00;29999,99;
Páginas 006-007;01536026;Eau de parfum Deluxe Poderoso x 110ml;20000,00;29999,99;
Páginas 008-009;01536016;Eau de parfum Deluxe Party Men x 120ml;20000,00;29999,99;
Páginas 008-009;01536028;Eau de Parfum Deluxe Platinum x 100ml;20000,00;29999,99;
Páginas 010-011;01536035;Eau de parfum Mirage Noir x 100ml;26667,00;39999,99;
Páginas 010-011;01536048;Eau de parfum Mirage Blue x 100ml;26667,00;39999,99;
Páginas 012-013;01536039;Eau de Parfum Pour Homme Mirage Bourbon x 100ml;26667,00;39999,99;
Páginas 012-013;80250041;Box Masculino Mirage Bourbon - Nuevo;16000,00;19999,99;
Páginas 014-015;01525002;Fragancia exclusiva masculina Instinto Urbano x 100 ml;12353,00;20999,99;
Páginas 014-015;01559505;Fragancia Exclusiva Masculina Element x 50 ml;12353,00;20999,99;
Páginas 014-015;01536005;Eau de parfum Héroe x 105 ml;12353,00;20999,99;
Páginas 014-015;01559001;Loción exclusiva masculina Tempo x 100 ml;12353,00;20999,99;
Páginas 014-015;80080020;Bolsa Millanel Azul;1470,00;1690,00;
Páginas 016-017;01536007;Eau de parfum UOMO x 55 ml;10589,00;17999,99;
Páginas 016-017;01536008;Fragancia Exclusiva Masculina UOMO Intenso x 55 ml;10589,00;17999,99;
Páginas 016-017;01536037;Perfume Exclusivo Costa Azul x 50ml;10589,00;17999,99;
Páginas 016-017;01543001;Fragancia exclusiva masculina Blue x 50 ml;10589,00;17999,99;
Páginas 018-019;01536003;Eau de parfum Aventura x 50ml;10589,00;17999,99;
Páginas 018-019;01536010;Eau de Parfum Aventura Origen x 50ml;10589,00;17999,99;
Páginas 018-019;01530020;Eau de Parfum Infinity x 50 ml;10589,00;17999,99;
Páginas 018-019;01536012;Eau de parfum masculino Boreal x55 ml;10589,00;17999,99;
Páginas 018-019;01556001;Eau de parfum Uno x 105ml;10589,00;17999,99;
Páginas 020-021;80011002;Bolsa Obsequio;1470,00;1690,00;
Páginas 020-021;01120001;Loción Exclusiva Black Attractive x 50 ml.;10589,00;17999,99;
Páginas 020-021;01120004;Loción Exclusiva Black and Red x 50 ml.;10589,00;17999,99;
Páginas 020-021;01555001;Eau de parfum Black Obsession;10589,00;17999,99;
Páginas 022-023;44130020;Bóxer Vancouver Azul XL;12000,00;14999,99;
Páginas 022-023;44130021;Bóxer Vancouver Azul XXL;12000,00;14999,99;
Páginas 022-023;44380031;Soquete masculino Gris;4000,00;4999,99;
Páginas 022-023;44380056;Pijama Masculino Escoces Talle L;26400,00;32999,99;
Páginas 022-023;44380057;Pijama Masculino Escoces Talle XL;26400,00;32999,99;
Páginas 022-023;50530109;Afeitadora 4 en 1;32000,00;39999,99;
Páginas 024-025;50530093;Cargador Portatil;40000,00;49999,99;
Páginas 024-025;50530152;Organizador de cables Set x 3 un - Nuevo;4000,00;4999,99;
Páginas 024-025;50530161;Manito sujeta cables Set x 4 un;4000,00;4999,99;
Páginas 024-025;50530191;Neceser redondo Black;9600,00;11999,99;
Páginas 024-025;50521260;Mochila plegable sport;10400,00;12999,99;
Páginas 024-025;50530226;Morral Black - Nuevo;21600,00;26999,99;
Páginas 026-027;50530070;Pinza Multiuso;10400,00;12999,99;
Páginas 026-027;50530072;Set de Herramientas x 3;10400,00;12999,99;
Páginas 026-027;50530142;Destornillador de Precisión Set x 6 un;5600,00;6999,99;
Páginas 026-027;50530143;Cinta métrica de bolsillo 0.5 mts;4800,00;5999,99;
Páginas 026-027;50530144;Destornilladores 7 en 1 + Luz - Nuevo;6400,00;7999,99;
Páginas 028-029;40001116;Mate Pampa Beige;11200,00;13999,99;
Páginas 028-029;40001117;Yerbera y azucarera Pampa beige;29600,00;36999,99;
Páginas 028-029;40001118;Bolso Matero Beige;16000,00;19999,99;
Páginas 028-029;40001119;Funda para Mate Black;8000,00;9999,99;
Páginas 028-029;40001120;Yerbera y Azucarera de Tela Black;15200,00;18999,99;
Páginas 030-031;01030322;Loc. Nº 322 x 30ml - Nuevo / DEMO;4500,00;10499,99;
Páginas 030-031;01060322;Loc. Nº 322 x 60ml - Nuevo;8530,00;14499,99;
Páginas 032-037;01030000;Loción Alternativa x 30 ml.;6177,00;10499,99;
Páginas 032-037;01060000;Loción Alternativa x 60 ml.;8530,00;14499,99;
Páginas 032-037;05410002;Cera capilar Barber Shop;3840,00;4799,99;
Páginas 032-037;05410006;Óleo hidratante para barba Barber Shop;7040,00;8799,99;
Páginas 032-037;05410013;Pomada Modeladora Capilar Barber Shop x 50grs;6240,00;7799,99;
Páginas 038-039;05410003;Crema para afeitar Barber Shop;3840,00;4799,99;
Páginas 038-039;05410004;Shampoo 2 en 1 Barber Shop;6240,00;7799,99;
Páginas 038-039;05410014;Jabón para afeitar en pote Barber Shop x 50 g;3840,00;4799,99;
Páginas 038-039;80080017;Gift Box Millanel Chica;1731,00;1990,00;
Páginas 038-039;05410001;Bálsamo post afeitado Barber Shop;4640,00;5799,99;
Páginas 038-039;05415013;Loción par despues de afeitar Barber Shop x 125ml;4000,00;4999,99;
Páginas 038-039;50520000;Peine para barba Barber Shop impreso;4000,00;4999,99;
Páginas 038-039;50530103;Afeitadora USB;20000,00;24999,99;
Páginas 040-041;05201001/11;Agua de Colonia Masculina x 210 ml;5360,00;6699,99;
Páginas 040-041;05302510;Desodorante antitranspirante en crema MilLanel for Men;3360,00;4199,99;
Páginas 040-041;16205010;Crema gel Hidratante Millanel for Men;4532,00;5799,99;
Páginas 040-041;16205011;Gel de limpieza Millanel for men;5469,00;6999,99;
Páginas 040-041;16205012;Serum facial con acido hialuronico Millanel for Men;5469,00;6999,99;
Páginas 042-043;05307029/295;Deo Corporal masculino x 118 ml;3680,00;4599,99;Llevá 1 Deo + 1 Antitranspirante masculino a solo $9499.99 (iguales o diferentes)
Páginas 042-043;05304029/284;Antitranspirante Masculino roll on x 50 g;3920,00;4899,99;Llevá 1 Deo + 1 Antitranspirante masculino a solo $9499.99 (iguales o diferentes)
Páginas 042-043;05304295;Antitranspirante Masc Roll On N°295 x50g - Nuevo;3920,00;4899,99;Llevá 1 Deo + 1 Antitranspirante masculino a solo $9499.99 (iguales o diferentes)
Páginas 042-043;Pregular;Deo corporal Masculino x 118 ml (Precio regular);4960,00;6199,99;
Páginas 042-043;Pregular;Antitranspirante Masculino roll on x 50 g (Precio regular);4800,00;5999,99;
Páginas 044-045;01100000;Loción Alternativa x 100 ml.;10589,00;17999,99;
Páginas 044-045;01100308;Loc. Nº 308 x 100ml - Nuevo / DEMO PREMIUM;10589,00;17999,99;
Páginas 046-047;01557009;Eau de Parfum Sublime x 50ml;12353,00;20999,99;
Páginas 046-047;01559506;Fragancia exclusiva femenina Fémina x 65ml;12353,00;20999,99;
Páginas 046-047;80080006;Caja Un regalo para vos;1731,00;1990,00;
Páginas 046-047;01536036;Eau de parfum Pink Shimmer x 100ml;12353,00;20999,99;
Páginas 048-049;01553011;Fragancia Exclusiva Secret Pink x 55ml;12353,00;20999,99;
Páginas 048-049;01553012;Fragancia Exclusiva Secret Red x 55ml;12353,00;20999,99;
Páginas 048-049;47174002;Delineador liq negro Secret Beauty;5600,00;6999,99;
Páginas 048-049;47230021/32;Sombra individual Secret x 3.4 g;4800,00;5999,99;
Páginas 048-049;47473009;Masc p/ pestañas Secret Beauty Colletion x 3.5 gr;5600,00;6999,99;
Páginas 050-051;01536000;Fragancia Exclusiva Aventura Pour Femme x 50ml;11765,00;19999,99;
Páginas 050-051;01544001;Fragancia exclusiva femenina Love Love;11765,00;19999,99;
Páginas 050-051;01553015;Eau de parfum Belle rose x50ml;11765,00;19999,99;
Páginas 050-051;01503002;Fragancia exclusiva femenina Vainilla x 50 ml - 100% Ganancia;10000,00;19999,99;
Páginas 050-051;01542002;Eau de parfum Bella Noir x 70ml;11765,00;19999,99;
Páginas 050-051;50530177;Perfumero Recargable Negro 7.5 ml;7200,00;8999,99;
Páginas 052-053;01529002;Eau de Parfum Soul x 50 ml - 100% Ganancia;10000,00;19999,99;
Páginas 052-053;01536011;Eau de parfum femenino Miracle x45ml;11765,00;19999,99;
Páginas 052-053;01553014;Eau de parfum Miss Glam x 45ml;11765,00;19999,99;
Páginas 052-053;01509001;Loción Exclusiva Las Mil y Una Noches x 55 ml.;11765,00;19999,99;
Páginas 052-053;01539001;Fragancia exclusiva femenina Paradise;11765,00;19999,99;
Páginas 052-053;80080021;Bolsa Millanel Fucsia;1470,00;1690,00;
Páginas 054-055;01528003;Eau de toilette masculino Kroma Blue;8236,00;13999,99;
Páginas 054-055;01528007;Eau de toilette Kroma Lime X 60ml;8236,00;13999,99;
Páginas 054-055;01553005;Eau de toilette femenino Kroma Pink;8236,00;13999,99;
Páginas 054-055;01553006;Eau de toilette femenino Kroma Lilac;8236,00;13999,99;
Páginas 054-055;01557501/3;Fragancia Exclusiva Femenina Sentir x 50 ml;8236,00;13999,99;
Páginas 056-057;18015105;Eau de parfum F by Florencia Peña x 100 ml;19286,00;26999,99;
Páginas 056-057;18051003;Splash corporal Melocotón deFlor x 100 ml;8000,00;9999,99;
Páginas 056-057;18052003;Splash corporal Sugar de Flor x 100 ml;8000,00;9999,99;
Páginas 056-057;50530111;Neceser Florencia Peña;4000,00;4999,99;
Páginas 056-057;18036030;Eau de parfum F Magnética de Flor x 100ml;19286,00;26999,99;
Páginas 056-057;18050002;Shower Gel F Magnéticade Flor x 205gr;8000,00;9999,99;
Páginas 056-057;18052004;Splash corporal F Magnética de Flor x 100 ml;8000,00;9999,99;
Páginas 058-059;01536031;Eau de parfum Halimah 100ml;30000,00;44999,99;
Páginas 058-059;01536040;Eau de Parfum Rubí Oud x 100ml;30000,00;44999,99;
Páginas 060-061;01536019;Eau de Parfum Deluxe So Good x 80ml;20000,00;29999,99;
Páginas 060-061;01536018;Eau de Parfum Deluxe Party Woman Rosé x 90ml;20000,00;29999,99;
Páginas 062-063;01536023;Eau de parfum Deluxe Pink x 100ml;20000,00;29999,99;
Páginas 062-063;01536021;Eau de parfum Deluxe Scarlet x 50ml;20000,00;29999,99;
Páginas 064-071;80250090/94;Beauty Box Fragances;18400,00;22999,00;
Páginas 064-071;01030000;Loción Alternativa x 30 ml.;6177,00;10499,99;
Páginas 064-071;01060000;Loción Alternativa x 60 ml.;8530,00;14499,99;
Páginas 064-071;01100000;Loción Alternativa x 100 ml.;12353,00;20999,99;
Páginas 064-071;80080003;Caja Felicidades;2174,00;2499,00;
Páginas 064-071;Set-R;Set Regalable Felicidades;20599,00;;
Páginas 064-071;Set-R;Set Regalable Fragancia Alternativa;;19999,99;
Páginas 072-073;16076036/293;Crema Anti-Age para Manos x 85 g.;3750,00;4799,99;
Páginas 072-073;05118001/298;Body splash femenino x 80ml;5040,00;6299,99;
Páginas 072-073;80080019;Bolsa Rosas;1470,00;1690,00;
Páginas 074-075;47502010/12;Rubor liquido Colors x 6.5g;5600,00;6999,99;
Páginas 074-075;47511003/5;Base satinada Beige Colors x 30gr;4640,00;5799,99;
Páginas 074-075;47511006;Polvo Volatil Colors x 5 g;7200,00;8999,99;
Páginas 074-075;47759002;Cuarteto corrector de imperfecciones 4 usos Colors 10g;4400,00;5499,99;
Páginas 074-075;50001025;Esponja gota Grande;6400,00;7999,99;
Páginas 074-075;47511503;Base BB Cream Colors Nº1 claro 30 gr.;4640,00;5799,99;
Páginas 074-075;47511504;Base BB Cream Colors Nº2 Medio 30 gr.;4640,00;5799,99;
Páginas 074-075;47753003;Corrector de ojeras claro Colors 14 gr;3600,00;4499,99;
Páginas 074-075;47753004;Corrector de ojeras medio Colors 14 gr;3600,00;4499,99;
Páginas 076-077;47212001/10;Cuarteto de Sombras Colors x 2.8 g;6240,00;7799,99;
Páginas 076-077;47381000;Paleta de sombras Colors c/ estuche x 6 tonos;11200,00;13999,99;
Páginas 076-077;47473008;Máscara para pestañas Colors PUSH UP x 12g;7200,00;8999,99;
Páginas 076-077;47473302;Mascara para pestañas Colors Xtreme x 13 g;7200,00;8999,99;
Páginas 076-077;47505005;Iluminador Colors en Barra Bronce;4800,00;5999,99;
Páginas 076-077;47505006;Iluminador Colors en Barra dorado;4800,00;5999,99;
Páginas 076-077;50530055;Esponja para Make Up Flor 8 un;3200,00;3999,99;
Páginas 076-077;47555608;Iluminador en crema Colors Dorado x 1.4g;3040,00;3799,99;
Páginas 076-077;47555609;Iluminador en crema Colors Rosa x 1.4g;3040,00;3799,99;
Páginas 076-077;47582001;Contouring Make Up Colors;5040,00;6299,99;
Páginas 078-079;47303101/4;Labial liquido Colors;3330,00;4999,99;
Páginas 078-079;47480000;Spray Fijador de maquillaje Colors x 125ml;5600,00;6999,99;
Páginas 078-079;47624501/11;Labial Colors x 4g;4800,00;5999,99;
Páginas 078-079;47307010/14;Brillo Labial efecto Volumen Colors x 2.5g;3360,00;4199,99;
Páginas 080-081;47081021;Lima con removedor;3200,00;3999,99;
Páginas 080-081;47821001;Crema removedora Cuticula x 15 gr.;1600,00;2399,99;
Páginas 080-081;47850009;Quita esmalte con Aceite de almendras Millanel x 50ml;2960,00;3699,99;
Páginas 080-081;47852003;Serum multibeneficios para uñas y cutículas Colors x 11 ml;3450,00;5199,99;
Páginas 080-081;47852012;Secador de Esmalte Restyling Colors;4080,00;5099,99;
Páginas 080-081;47860010;Brillo fijador Colors para uñas x 7.5 ml;3120,00;3899,99;
Páginas 080-081;47840010/23;Esmalte Colors x 6ml;2960,00;3699,99;
Páginas 080-081;47840207/10;Esmalte Pretty nails prismatic 6ml;2960,00;3699,99;
Páginas 082-083;47820100;Tratamiento de Nanosfera x 11g;3120,00;3899,99;
Páginas 082-083;47820105;Tratamiento de diamantes x 11g;3120,00;3899,99;
Páginas 082-083;47820200;Tratamiento con Ácido Hialurónico y D Pantenol x 11 g;3120,00;3899,99;
Páginas 082-083;47820201;Tratamiento con Aceite de Coco y Keratina x 11g;3120,00;3899,99;
Páginas 082-083;47820202;Esmalte Tratamiento para uñas Aloe Vera y Colágeno x 11 ml;3120,00;3899,99;
Páginas 082-083;47831101;Base de porcelana x 11 ml;3120,00;3899,99;
Páginas 082-083;50521254;Lima para uñas Millanel;3200,00;3999,99;
Páginas 082-083;47811104/9;Calcio Millanel x 11 ml;2560,00;3199,99;
Páginas 082-083;47820003;Trat. Estimul del Crecimiento x 7 ml;2400,00;3599,99;
Páginas 082-083;47820004;Trat. Multivitamin x 7 ml;2400,00;3599,99;
Páginas 082-083;47820006;Esmalte amargo x 7 ml;2400,00;3599,99;
Páginas 082-083;47820007;Esmalte 3 en 1 x 7ml;2400,00;3599,99;
Páginas 084-085;47801101/142;Esmalte Millanel x 11 ml;3120,00;3899,99;
Páginas 084-085;47802102/122;Esmalte en gel x 11 ml;3040,00;3799,99;
Páginas 084-085;47803001;Top Coat para uñas en gel;3840,00;4799,99;
Páginas 086-087;47554001;Maquillaje oculta manchas Nº1 Claro;5600,00;6999,99;
Páginas 086-087;47554002;Maquillaje oculta manchas Nº2 Medio;5600,00;6999,99;
Páginas 086-087;47555604;Iluminador cremoso Millanel x 14grs Iridiscente;5600,00;6999,99;
Páginas 086-087;47555606;Iluminador cremoso Millanel x 14grs Gold;5600,00;6999,99;
Páginas 086-087;47750003;Corrector Natural x 4 g;5200,00;6499,99;
Páginas 086-087;47750004;Corrector Beige x 4 g;5200,00;6499,99;
Páginas 086-087;47762001;Corrector de ojeras roll on Millanel Natural;5200,00;6499,99;
Páginas 086-087;47762002;Corrector de ojeras roll on Millanel Beige;5200,00;6499,99;
Páginas 086-087;47764001;Corrector de ojeras Millanel con aplicador claro;4400,00;5499,99;
Páginas 086-087;47764002;Corrector de ojeras Millanel con aplicador Medio;4400,00;5499,99;
Páginas 086-087;50520148;Pinza de Depilar Cobre;3200,00;3999,99;
Páginas 086-087;50530017;Pincel para corrector Glam;4160,00;5199,99;
Páginas 086-087;47371091;Delineador líquido para cejas millanel marrón claro x 1g;6960,00;8699,99;
Páginas 086-087;47371092;Delineador líquido para cejas millanel marrón oscuro x 1g;6960,00;8699,99;
Páginas 086-087;47475005;Gel para cejas Millanel 3.8g;6400,00;7999,99;
Páginas 086-087;47481001;Serum para crecimiento y fortalecimiento de pestañas y cejas;5600,00;6999,99;
Páginas 088-089;47480001;Spray fijador de Make Up Millanel;2900,00;4399,99;
Páginas 088-089;47510102/4;Rubor compacto Millanel x 5.30 g;6640,00;8299,99;
Páginas 088-089;47541001;Perlas tonalizadoras efecto Bronce;6400,00;7999,99;
Páginas 088-089;47541002;Perlas tonalizadoras efecto Mate;6400,00;7999,99;
Páginas 088-089;47560101;Base líquida para rostro Millanel x 30g. Natural;3500,00;5499,99;
Páginas 088-089;47560102;Base líquida para rostro Millanel x 30g. Beige;3500,00;5499,99;
Páginas 088-089;47561001/3;Base líquida matte Millanel x 30g;6960,00;8699,99;
Páginas 088-089;50530016;Brocha para Rubor Glam;4800,00;5999,99;
Páginas 088-089;47510001/3;Polvo compacto x 9 g.;5600,00;6999,99;
Páginas 090-091;47173001/4;Delineador Líquido Millanel 3 ml;4400,00;5499,99;
Páginas 090-091;47201001/11;Dúo de Sombras Millanel x 2 g;5200,00;6499,99;
Páginas 090-091;47351001;Delineador + sombra para parpados 0.28g;6000,00;7499,99;
Páginas 090-091;47355002;Delineador retractil Millanel;6000,00;7499,99;
Páginas 090-091;47355003;Lápiz delineador con esfumino Millanel;6000,00;7499,99;
Páginas 090-091;50006090;Sacapuntas Azul Doble;2400,00;2999,99;
Páginas 090-091;50530018;Pincel para Sombra Glam;2640,00;3299,99;
Páginas 090-091;47174001/4;Delineador en gel;4000,00;4999,99;
Páginas 092-093;47083301;Arqueador de pestañas;4000,00;4999,99;
Páginas 092-093;47100101/36;Labial Millanel x 4g.;5600,00;6999,99;
Páginas 092-093;47304156/60;Labial lìquido mate intransferible Millanel x 4g;7200,00;8999,99;
Páginas 092-093;47405002;Máscara Millanel negra a prueba de agua x 12g;6800,00;8499,99;
Páginas 092-093;47475003;Máscara p/pest. al agua c/Widelash Millanel x 12g;6800,00;8499,99;
Páginas 092-093;47381004;Paleta de sombras Millanel 6 tonos c/estuche x 10.4 gr;9600,00;11999,99;
Páginas 094-095;47389101;Dúo de Sombras Pro Pigment Eternal x 8.80 g;10000,00;12499,99;
Páginas 094-095;47389102;Duo de sombras Glam to go Eternal x 8.8gr;10000,00;12499,99;
Páginas 094-095;47470303;Máscara para pestañas Eternal Noir Couture x 12 g;7600,00;9499,99;
Páginas 094-095;47470401;Máscara para pestañas Ultra Volumen ETERNAL x 12g;7600,00;9499,99;
Páginas 094-095;47930003/8;Labial mate Eternal x 4 g;6400,00;7999,99;
Páginas 094-095;47563001;Base líquida Eternal natural;15200,00;18999,99;
Páginas 094-095;47563002;Base líquida Eternal beige;15200,00;18999,99;
Páginas 094-095;47563102;Iluminador facial Champagne Eternal x 9 gr;10400,00;12999,99;
Páginas 094-095;47582002;Contouring en barra Eternal Claro;5840,00;7299,99;
Páginas 094-095;47582003;Contouring en barra Eternal Oscuro;5840,00;7299,99;
Páginas 094-095;47582101;Corrector de ojeras Eternal claro x 5 g;5600,00;6999,99;
Páginas 094-095;47582102;Corrector de ojeras Eternal medio x 5g;5600,00;6999,99;
Páginas 096-097;16074002;Serum para contorno de ojos Eternal x 15 g;7813,00;9999,99;
Páginas 096-097;16103019;Agua micelar bifásica Eternal x 100ml;7813,00;9999,99;
Páginas 096-097;16103020;Crema para manos Eternal x 80 g;6797,00;8699,99;
Páginas 096-097;16074004;Suero Eternal x 25gr;9375,00;11999,99;
Páginas 096-097;16103011;Crema para rostro día Eternal;15625,00;19999,99;
Páginas 096-097;16103012;Crema para rostro noche Eternal;15625,00;19999,99;
Páginas 096-097;16103021;Crema para rostro con FPS 50 Eternal x 70 g;18750,00;23999,99;
Páginas 098-099;16071045;Crema p/rostro +45 Millanel AntiAge x 50 g.;8594,00;10999,99;
Páginas 098-099;16071060;Crema p/rostro +60 Millanel AntiAge x 50g;8594,00;10999,99;
Páginas 098-099;16071070;Crema p/rostro +70 Millanel AntiAge x 50g;8594,00;10999,99;
Páginas 098-099;16072000;Crema cont de ojos Millanel AntiAge x 25g;7032,00;8999,99;
Páginas 098-099;16072001;Crema para rostro despigmentante AntiAge x 70gr;6250,00;7999,99;
Páginas 100-101;16019201;Emulsión Corporal Millanel Antiage x 240 g;8594,00;10999,99;
Páginas 100-101;16073000;Serum p/rostro Millanel AntiAge x 18g;7032,00;8999,99;
Páginas 100-101;16190006;Roll on para bolsas y ojeras Millanel Antiage x 15 g;7813,00;9999,99;
Páginas 100-101;16022001;Serum concentrado Hydra x 30 ml;7032,00;8999,99;
Páginas 100-101;16080045;Bruma refrescante con Acido Hialuronico Hydra x 75ml;5469,00;6999,99;
Páginas 100-101;16104001;Crema para rostro de día Hydra x 50 g;6094,00;7799,99;
Páginas 100-101;16104002;Crema para rostro de noche Hydra x 50 g;6094,00;7799,99;
Páginas 100-101;47305001;Brillo labial Hydra x 3.4 g - Restyling;7600,00;9499,99;
Páginas 102-103;16103401;Crema para rostro de día Vitagen x 50g;8204,00;10499,99;
Páginas 102-103;16103402;Crema para rostro de noche Vitagen x 50g;8204,00;10499,99;
Páginas 102-103;16103403;Crema para manos Vitagen x 80g;5860,00;7499,99;
Páginas 102-103;16103404;Booster concentrado Vitagen x 10 ml;6250,00;7999,99;
Páginas 102-103;16055001;Tonico exfoliante Clarificante MIA x100ml;3750,00;4799,99;
Páginas 102-103;16055002;Espuma de Limpieza MIA x 55 ml;7032,00;8999,99;
Páginas 102-103;16055003;Crema Facial en Gel MIA x 50g;5079,00;6499,99;
Páginas 102-103;16055004;Agua Micelar Mia x 210ml;6485,00;8299,99;
Páginas 102-103;16055005;Serum facial MIa x 30 g;5079,00;6499,99;
Páginas 104-105;16053101;Gel descongestivo para párpados Millanel Care x 50 g;3907,00;4999,99;
Páginas 104-105;16103299;Crema para rostro nutritiva noche Millanel Care x 50 gr;3907,00;4999,99;
Páginas 104-105;16103300;Crema p/ rostro Antiedad día Millanel Care x 50gr;3907,00;4999,99;
Páginas 104-105;16103301;Crema p/rostro Antiedad noche Millanel Care x 50gr;3907,00;4999,99;
Páginas 104-105;16103302;Crema p/rostro Aclarante Millanel Care x 50gr;3907,00;4999,99;
Páginas 104-105;16103303;Crema p/rostro Humectante Millanel Care x 50gr;3907,00;4999,99;
Páginas 104-105;50001042;Pads Descongestivos set x 2 u;4800,00;5999,99;
Páginas 104-105;16053023;Serum regenerador antiedad Millanel Care x 30g;3516,00;4499,99;
Páginas 104-105;16053024;Serum iluminador revitalizante Millanel Care x 30g;3516,00;4499,99;
Páginas 106-107;16051003;Leche de Limpieza Millanel Care x 120 gr;3907,00;4999,99;
Páginas 106-107;16103307;Crema de Limpieza Millanel Care x 50 gr;3829,00;4899,99;
Páginas 106-107;16303003;Gel de limpieza Cleanser Millanel Care x 120gr;4532,00;5799,99;
Páginas 106-107;47086404;Cepillo facial;5600,00;6999,99;
Páginas 106-107;16052004;Tónico astringente Millanel Care x 100ml;3516,00;4499,99;
Páginas 106-107;16053004;Loción desmaquillante Millanel Care x 100ml;3516,00;4499,99;
Páginas 106-107;16053013;Tónico hidratante Millanel Care x 100ml;3516,00;4499,99;
Páginas 106-107;16103308;Gel exfoliante para rostro Millanel Care x 50g;3907,00;4999,99;
Páginas 108-109;16011009;Crema de manos Vita C x 80 g;4688,00;5999,99;
Páginas 108-109;16017003;Crema para rostro Vita C x 50 g;5860,00;7499,99;
Páginas 108-109;16074003;Serum Facial Vita C x 32 g;8204,00;10499,99;
Páginas 108-109;16080060;Bruma Facial Hidratante con Agua de Rosas Millanel Care x150;4688,00;5999,99;
Páginas 108-109;16080065;Suero Hidratante p/rostro Millanel Care Agua de Rosas X18 g;5860,00;7499,99;
Páginas 108-109;16080070;Crema para rostro Millanel Care Agua de Rosas x 50g;5860,00;7499,99;
Páginas 108-109;16080080;Leche de Limpieza 2 en1 Millanel Care Agua de Rosas;8204,00;10499,99;
Páginas 110-111;05058010;Jabón micelar para cuerpo & rostro Millanel Care x 90g;4000,00;4999,99;
Páginas 110-111;16053020;Agua Micelar Millanel Care x 100 ml;3907,00;4999,99;
Páginas 110-111;16053021;Bruma hidratante/agua termal Millanel Care x 125ml;5079,00;6499,99;
Páginas 110-111;16053022;Agua Micelar Millanel Care x 250 ml;6641,00;8499,99;
Páginas 110-111;16814100;Serum facial Pistache x 30gr;5469,00;6999,99;
Páginas 110-111;16814101;Body Cream Pistache x 160gr;6250,00;7999,99;
Páginas 110-111;47814103;Balsamo Labial Pistache x 4,5gr;3200,00;3999,99;
Páginas 112-113;16024001;Espuma de limpieza Pure Skin;3516,00;4499,99;
Páginas 112-113;16024002;Gel Exfoliante Pure Skin;3907,00;4999,99;
Páginas 112-113;16024004;Crema gel hidratante Pure Skin;5704,00;7299,99;
Páginas 112-113;16024003;Gel secativo puntual Pure Skin x15g;3125,00;3999,99;
Páginas 112-113;16024005;Barra secativa Pure Skin 5gr;3125,00;3999,99;
Páginas 114-115;05116001/6;Colonia NITRO x 118ml;5600,00;6999,99;
Páginas 114-115;05111104/14;Colonia LOL x 118 ml;5600,00;6999,99;
Páginas 114-115;80016004;Bolsa de Regalo Especial para Vos;1470,00;1690,00;
Páginas 116-117;05080002/7;Body Splash VIVA! x 80 ml;3600,00;4499,99;
Páginas 116-117;16013301/3;Crema para manos VIVA!;2735,00;3499,99;
Páginas 116-117;16026512;Emulsion corporal 3 en 1 Viva x 500g;9375,00;11999,99;
Páginas 116-117;80016006;Bolsa Millanel Pink;1470,00;1690,00;
Páginas 118-119;01110025;Eau de Cologne Champions x 55ml;7648,00;12999,99;
Páginas 118-119;01110026;Eau de cologne Champions EL DIEZ x 55 ml - Nuevo;7648,00;12999,99;
Páginas 120-121;40940792;Botella AFA 750 ml - Nuevo;8800,00;10999,99;
Páginas 120-121;40940793;Vaso de café AFA 500 ml - Nuevo;8800,00;10999,99;
Páginas 120-121;40001072;Bombilla plana de acero inoxidable;5600,00;6999,99;
Páginas 120-121;40006068;Filtro para bombilla x 2 un.;1840,00;2299,99;
Páginas 120-121;40940790;Mate AFA - Nuevo;12800,00;15999,99;
Páginas 120-121;40940791;Set Duet yerbera + azucarera AFA - Nuevo;10400,00;12999,99;
Páginas 122-123;40940794;Vaso con sorbete AFA 500 ml - Nuevo;6400,00;7999,99;
Páginas 122-123;40940795;Botella AFA 400 ml - Nuevo;8000,00;9999,99;
Páginas 122-123;40940796;Botella AFA La Selección 750 ml - Nuevo;8800,00;10999,99;
Páginas 122-123;47516005;Maquillaje artístico Stick Albi-celeste x 5 g - Nuevo;4800,00;5999,99;
Páginas 122-123;47940020;Esmalte Celeste y Blanco Set x 2 - Nuevo;3200,00;3999,99;
Páginas 122-123;50530225;Stickers Argentina - Nuevo;2400,00;2999,99;
Páginas 124-125;05080011;Body Splash Champions x 80ml;2800,00;3499,99;Llevá 2 Colonias Champions / Sweet Carolina a solo $3499.99 c/u (iguales o diferentes)
Páginas 124-125;05070001/3;Colonia p-niñas Sweet Carolina x 80ml;2800,00;3499,99;Llevá 2 Colonias Champions / Sweet Carolina a solo $3499.99 c/u (iguales o diferentes)
Páginas 124-125;Pregular;Body Splash Champions / Sweet Carolina x 80ml (Precio regular);3600,00;4499,99;
Páginas 126-127;05056701;Alcohol en gel Sweet Carolina 25g.;3360,00;4199,99;
Páginas 126-127;17090050;Spray desenredante Sweet Carolina x 125ml;4640,00;5799,99;
Páginas 126-127;17092003;Shampoo 2 en 1 Sweet Carolina x 200ml;4800,00;5999,99;
Páginas 126-127;17092004;Crema para peinar Sweet Carolina x 140gr;4640,00;5799,99;
Páginas 126-127;01546002;Eau de Cologne Sweet Carolina x 50ml;10000,00;16999,99;
Páginas 126-127;01601005;Colonia para niñas con glitter Sweet Carolina x 10ml;2358,00;3299,99;
Páginas 126-127;80070005;Bolsa infantil;1470,00;1690,00;
Páginas 128-129;01601004;Eau de roll on con glitter Princess Star 10ml;2358,00;3299,99;
Páginas 128-129;01601018;Eau de parfum roll on Princess x10ml;2358,00;3299,99;
Páginas 128-129;05057016;Baño de burbujas Princess x 200 ml;3760,00;4699,99;
Páginas 128-129;17090051;Spray Desenredante Princess x 74 ml;5280,00;6599,99;
Páginas 128-129;47633502;Balsamo lips care Princess x 5gr;3440,00;4299,99;
Páginas 128-129;01110204;Eau de Cologne Princess x 50ml - 100% Ganancia;7000,00;13999,99;
Páginas 128-129;01110205;Eau de cologne Magic Princess x 50 ml - 100% Ganancia;7000,00;13999,99;
Páginas 128-129;01110206;Eau de cologne Princess Star x 50ml;8236,00;13999,99;
Páginas 130-131;05802002;Perfume Infantil Peppa Pig x 50 ml;8000,00;9999,99;
Páginas 130-131;05810024;Splash Gaby's Dollhouse x 70 ml;5600,00;6999,99;
Páginas 130-131;05810026;Jabón Liquido Sally x 300 ml;12000,00;14999,99;
Páginas 130-131;05810027;Body Splash Sally x 125 ml;8800,00;10999,99;
Páginas 130-131;05810040;Body Splash George x 65 ml;4000,00;4999,99;
Páginas 130-131;05810043;Perfume K-POP x 50 ml;12000,00;14999,99;
Páginas 130-131;05810044;Body Splash K-POP x 65 ml;8000,00;9999,99;
Páginas 130-131;05810045;Perfume en Lata Saja Boys x 50 ml;13600,00;16999,99;
Páginas 130-131;05810046;Body Splash Saja Boys x 65 ml;8000,00;9999,99;
Páginas 130-131;47940007;Esmalte K-POP;2800,00;3499,99;
Páginas 132-133;05092014;Jabones Manitos Zoo Magic Set x 3;4400,00;5499,99;
Páginas 132-133;05100001/3;Colonia Manitos x 100 ml.;6000,00;7499,99;
Páginas 132-133;05100014/16;Colonia Manitos x 250 ml;6400,00;7999,99;
Páginas 134-135;05010102;Baño líquido Manitos x 200 ml;5360,00;6699,99;
Páginas 134-135;05127001;Oleo Calcáreo Manitos x 240 ml.;4400,00;5499,99;
Páginas 134-135;17080003;Shampoo para niños Manitos x 200ml;4400,00;5499,99;
Páginas 134-135;50521145;Antifiebre Conejito;3440,00;4299,99;
Páginas 134-135;05101002/11;Colonia para Bebés Manitos x 108 ml;4000,00;4999,99;
Páginas 136-137;05058020;Jabón Exfoliante Corporal Mundo Soap x 90 g;6000,00;7499,99;
Páginas 136-137;05058022;Jabón Corporal para Celulitis Mundo Soap x 90 g;6000,00;7499,99;
Páginas 136-137;05058023;Jabón Secativo Facial Mundo Soap x 90 g;6000,00;7499,99;
Páginas 136-137;16302004;Guante exfoliante;4688,00;5999,99;
Páginas 136-137;05058019;Jabón cremoso de ordeñe x 90 g;4400,00;5499,99;
Páginas 136-137;47633008/17;Bálsamo Millanel Lips Care;3200,00;3999,99;
Páginas 138-139;16011008;Crema para manos ultrahidratante con vitaminas x 135 g;3829,00;4899,99;
Páginas 138-139;16012007;Emulsión corporal vitaminas x 500 g.;9375,00;11999,99;
Páginas 138-139;16026503;Emulsión corporal con Aceite de Coco x 500gr;9375,00;11999,99;
Páginas 138-139;16026509;Emulsión corporal Aloe Vera x 500gr;9375,00;11999,99;
Páginas 140-141;05110100/5;Perfume Mist Sol do Brasil x 74ml;6400,00;7999,99;
Páginas 140-141;17060010/12;Baño de crema Pro expert x 200g;11200,00;13999,99;
Páginas 140-141;17072008/10;Serum capilar Pro Expert x 30ml;6400,00;7999,99;
Páginas 140-141;17073004;Protector termico Pro Expert x 125ml;4800,00;5999,99;
Páginas 140-141;17700001/3;Perfume para cabello Pro Expert x 70 ml;6000,00;7499,99;
Páginas 142-143;17068009;Mascarilla capilar Hydra x 150ml;7200,00;8999,99;
Páginas 142-143;17068010;Crema para peinar HYDRA;6400,00;7999,99;
Páginas 142-143;17072007;Serum Brillo Extremo Expert Queratina Millanel x 100ml;8000,00;9999,99;
Páginas 142-143;17300004;Crema para peinar Liso Extremo Expert c/Queratina x200ml;6400,00;7999,99;
Páginas 142-143;17300006;Baño de crema queratina con efecto BTX;7200,00;8999,99;
Páginas 142-143;17300009;Spray protector térmico Queratina x 125ml;5360,00;6699,99;
Páginas 142-143;17300011;Gel Antifrizz Con Aplicador Expert Queratina x 3.4 g;5600,00;6999,99;
Páginas 144-145;16810312;Crema para peinar Caribbean Blue x 140g;5600,00;6999,99;
Páginas 144-145;17072013;Serum capilar Caribbean blue x 30ml;6000,00;7499,99;
Páginas 144-145;17810313;Baño de crema Caribbean Blue x 150 g;8000,00;9999,99;
Páginas 144-145;17051501;Crema para peinar Rejuvenecedora Expert c-Argán x200ml;7600,00;9499,99;
Páginas 144-145;17072005;Serum nocturno Expert Argán x 95ml;7600,00;9499,99;
Páginas 144-145;17072011;Óleo rejuvenecedor Expert c/Argán x 30ml;6400,00;7999,99;
Páginas 144-145;17073003;Baño de Crema Expert Argán x 150 g;7600,00;9499,99;
Páginas 144-145;17101002;Óleo extraordinario 6 beneficios Expert Argán x 95ml;9600,00;11999,99;
Páginas 146-147;17900004/9;Spray Tapa Canas 58g/90ml;16000,00;19999,99;
Páginas 146-147;17820000;Kit de Coloración Coalix;5600,00;6999,99;
Páginas 146-147;50520083;Recipiente + pincel para tintura;4800,00;5999,99;
Páginas 148-149;05701603;Crema noctura Pédica Millanel Feet x 80 g.;3920,00;4899,99;
Páginas 148-149;05703004;Serum p/pies hidratación Intensiva Millanel Feet x 30gr;3760,00;4699,99;
Páginas 148-149;05705003;Crema refrescante y relajante para pies millanel feet X 120G;4000,00;4999,99;
Páginas 148-149;05705004;Gel Exfol. pedico Extra fuerte Millanel Feet x 120gr;4000,00;4999,99;
Páginas 148-149;05705010;Crema para pies con extra urea Millanel Feet x 80gr;3920,00;4899,99;
Páginas 148-149;05706002;Crema Exfoliante Pédica Millanel Feet x 120 g.;4000,00;4999,99;
Páginas 148-149;05058016;Jabón pédico Extra Fuerte Millanel Feet x 90 g;4240,00;5299,99;
Páginas 148-149;05702014;Talco desodorante extra fuerte Millanel Feet x 50gr;4400,00;5499,99;
Páginas 148-149;05706103;Solución Pédica Millanel Feet x 120g;4800,00;5999,99;
Páginas 148-149;05706104;Desodorante Pédico Extra Fuerte Millanel Feet x 125 ml.;4400,00;5499,99;
Páginas 148-149;05708002;Sal pédica Millanel Feet x 300 gr;5840,00;7299,99;
Páginas 148-149;50004027;Piedra pomez;3600,00;4499,99;
Páginas 150-151;05057505/21;Repuesto Doypack jabón líquido x 200 ml;3600,00;4499,99;
Páginas 150-151;50530007;Dispenser para Jabón Líquido Glamour;8000,00;9999,99;
Páginas 150-151;16023001;Balsamo Universal Millanel Zen x 18gr;6016,00;7699,99;
Páginas 150-151;16023002;Oleo Mix Corporal Millanel Zen x 10ml;7032,00;8999,99;
Páginas 150-151;16023003;Crema Corporal Lavanda y romero Millanel Zen x 100gr;6797,00;8699,99;
Páginas 150-151;16023004;Gel Corporal Millanel Zen;6797,00;8699,99;
Páginas 152-153;60000009;Citrato de Magnesio x 180 gr;20000,00;24999,99;
Páginas 152-153;60000012;Sup Dietario Creatina Micronizada x 300 g;29600,00;36999,99;
Páginas 152-153;60000005;Suplemento Dietario - Bella Skin x 30 camp;10400,00;12999,99;
Páginas 152-153;60000011;Suplemento dietario - Colágeno x 30 comp;10400,00;12999,99;
Páginas 152-153;60000013;Suplemento Dietario Melena de León – x 30 comp;24800,00;30999,99;
Páginas 152-153;60000014;Suplemento Dietario Lupines + Vitamina C – x 40 comp;5600,00;6999,99;
Páginas 154-155;20110200/2;Aceite para hornillo x 10ml;3200,00;3999,99;
Páginas 154-155;20350001/3;Aromat. para telas y amb x 330ml;6800,00;8499,99;
Páginas 154-155;20160001;Hornillo cerámico;6800,00;8499,99;
Páginas 154-155;50530049;Velas pack x 6 un;3200,00;3999,99;
Páginas 156-157;20008021;Sahumerio Cono Cascada x 10 un;2400,00;2999,99;
Páginas 156-157;20008032;Palo Santo x 50 g;4000,00;4999,99;
Páginas 156-157;20008033;Bombita para defumación Purificación x 4 un;2400,00;2999,99;
Páginas 156-157;20008034;Bombita para defumación Abundancia x 4 un;2400,00;2999,99;
Páginas 156-157;50530019;Sahumador redondo;2400,00;2999,99;
Páginas 156-157;20008040;Sahumerio x 5 Palo Santo, Reina y Lavanda;2400,00;2999,99;
Páginas 156-157;20008041;Sahumerio x 5 Rosa, Palo Santo y Ratnmala;2400,00;2999,99;
Páginas 156-157;20008042;Sahumerio x 5 Sándalo, Palo Santo y Benjui;2400,00;2999,99;
Páginas 156-157;20008043;Sahumerio x 5 Jazmin y Lavanda;2400,00;2999,99;
Páginas 156-157;20008049;Sahumerios Mix - Hierbas y Flores;4000,00;4999,99;
Páginas 156-157;50530020;Porta Sahumerio Sky;3200,00;3999,99;
Páginas 158-159;20007701;Sahumerio doble empaste x 10 un - Surtido;3680,00;4599,99;
Páginas 158-159;20007801;Sahumerio doble empaste x 10 un - Incienso;3680,00;4599,99;
Páginas 158-159;20050502;Sahumerio x 50 un - Surtido;4480,00;5599,99;
Páginas 158-159;20050503;Sahumerio x 50 un - Surtido de Flores;4480,00;5599,99;
Páginas 158-159;50530000;Porta sahumerio Manito Fátima Set x 3 un;3200,00;3999,99;
Páginas 158-159;80031002;Bolsa Chic;1731,00;1990,00;
Páginas 158-159;20330031/39;Aromat. p/telas y amb x 330ml;8000,00;9999,99;
Páginas 160-161;20500000;Aromatizante x 500 ml;8000,00;9999,99;
Páginas 160-161;20500556;Repuesto Aromatizante x 500ml;7200,00;8999,99;
Páginas 164-165;20500536;Ate x 500 ml Paraíso Azulado;8800,00;10999,99;
Páginas 164-165;20500543;Aromatizante Momentos Mágicos x 500 ml;8800,00;10999,99;
Páginas 164-165;20500552;Aromatizante Campos de Frutillas x 500 ml;8800,00;10999,99;
Páginas 164-165;20500561;Aromatizante Lavanderia Sweet x 500ml;8800,00;10999,99;
Páginas 164-165;20500563;Aromatizante Lavanderia Tentacion x 500ml;8800,00;10999,99;
Páginas 164-165;20500564;Aromatizante Bohemia x 500ml;8800,00;10999,99;
Páginas 164-165;20500565;Aromatizante Graffiti x 500ml;8800,00;10999,99;
Páginas 164-165;20500566;Aromatizante Runner x 500ml;8800,00;10999,99;
Páginas 164-165;20251317/21;Aromatizante x 250ml.;4800,00;5999,99;
Páginas 166-167;20265102/12;Aromatizante en Aerosol x 178 g / 262 ml;4640,00;5799,99;
Páginas 166-167;50521253;Dispenser automático Millanel Home;18400,00;22999,99;
Páginas 168-169;05800010;Crema repelente Basta Mosquito Extra Duración x 80g;2400,00;2999,99;
Páginas 168-169;05800014;Spray repelente Basta Mosquito Extra Duración x 195ml;3040,00;3799,99;
Páginas 168-169;05800017;Pouch Basta mosquito en crema Ext Duracion x 10gr;304,00;379,99;
Páginas 168-169;20008022;Sahumerios Largos Citronela para Jardín x 6 un;2640,00;3299,99;
Páginas 168-169;20008023;Sahumerios Citronela x 5 un;1600,00;1999,99;
Páginas 168-169;20008024;Pastillas de Citronela x 4 un;1600,00;1999,99;
Páginas 168-169;05800013;Spray repelente Basta Mosquito Extra Duración x 500ml;5200,00;6499,99;
Páginas 168-169;05800015;Aerosol repelente Basta Mosquito Extra Duración x 135g /170;4400,00;5499,99;
Páginas 168-169;05800016;Repuesto Repelente Basta mosquito x 500ml;4400,00;5499,99;
Páginas 170-171;50530154;Lunchera térmica impermeable;8000,00;9999,99;
Páginas 170-171;40940787;Hermético 550 cc + Botella 500 ml Fucsia - Nuevo;4800,00;5999,99;
Páginas 170-171;40940788;Hermético 550 cc + Botella 500 ml Verde - Nuevo;4800,00;5999,99;
Páginas 170-171;40940789;Hermético 550 cc + Botella 500 ml Turquesa - Nuevo;4800,00;5999,99;
Páginas 172-173;40940739;Jarra 2 L Glamour Azulino;12000,00;14999,99;
Páginas 172-173;40940740;Copa Agua 380 ml Glamour Azulino - set x 3;12000,00;14999,99;
Páginas 172-173;40940741;Copa Champagne 200 ml Glamour Azulino - set x 3;10400,00;12999,99;
Páginas 172-173;40940742;Copa Postre 350 ml Glamour Azulino - set x 3;10400,00;12999,99;
Páginas 172-173;40940743;Frutera 1,9 litros Glamour Azulino;12000,00;14999,99;
Páginas 172-173;40940744;Azucarera 330 ml con cuchara Glamour Azulino;7200,00;8999,99;
Páginas 174-175;40001121;Tarro Cosmos 1L;5600,00;6999,99;
Páginas 174-175;40001122;Tarro Cosmos 2L;7200,00;8999,99;
Páginas 174-175;40001123;Ensaladera Cosmos Gris;4000,00;4999,99;
Páginas 174-175;40001126;Canasto chico Black;3200,00;3999,99;
Páginas 174-175;40001127;Canasto mediano Black;4000,00;4999,99;
Páginas 174-175;40001128;Canasto grande Black;4800,00;5999,99;
Páginas 174-175;40940184;Pinche para Picada Set x 8 un;3200,00;3999,99;
Páginas 174-175;40940424;Copetinero turquesa;6400,00;7999,99;
Páginas 174-175;40940603;Vaso Cordobes;4800,00;5999,99;
Páginas 176-177;40001070;Batidor de silicona;5600,00;6999,99;
Páginas 176-177;40900082;Espátula de silicona;3200,00;3999,99;
Páginas 176-177;40940497;Cucharas medidoras set x 4;4800,00;5999,99;
Páginas 176-177;40940564;Flanera de silicona baja;7200,00;8999,99;
Páginas 176-177;40940565;Tartera de silicona 25 cm;7200,00;8999,99;
Páginas 176-177;40940440;Churrera;4000,00;4999,99;
Páginas 176-177;40940674;Hermético cuadrado 2300 ml;6400,00;7999,99;
Páginas 176-177;40940675;Hermético cuadrado 1400 ml;4800,00;5999,99;
Páginas 176-177;40940676;Hermético cuadrado 800 ml;4000,00;4999,99;
Páginas 178-179;40940085;Tapas de Silicona Set x 6 un;12000,00;14999,99;
Páginas 178-179;40940467;Mandolina multifunción Chef;16000,00;19999,99;
Páginas 178-179;40940772;Fábrica de Ñoquis - Nuevo;5200,00;6499,99;
Páginas 178-179;40940773;Contenedor a Rosca Set x 2 un - Nuevo;3440,00;4299,99;
Páginas 180-181;40940760;Soporte para bolsa;3200,00;3999,99;
Páginas 180-181;40940761;Canasto con tapa 15 x 20 x 8 cm;4000,00;4999,99;
Páginas 180-181;40940762;Dispenser con porta esponja;4800,00;5999,99;
Páginas 180-181;50530069;Cepillo 3 en 1;7200,00;8999,99;
Páginas 180-181;50530085;Limpia Vidrios con imán;16800,00;20999,99;
Páginas 182-183;50530034;Bufanda Soft 120 gr;16000,00;19999,99;
Páginas 182-183;50530040;Mini Neceser Lila;6400,00;7999,99;
Páginas 182-183;50530041;Neceser Lila;8000,00;9999,99;
Páginas 182-183;50008001;Mini planchita para cabello de viaje;18400,00;22999,99;
Páginas 182-183;50008002;Secador de cabello para viaje;21600,00;26999,99;
Páginas 182-183;50530104;Mini Buclera;20000,00;24999,99;
Páginas 184-185;43806068;Jgo de Toallón y Toalla Gris 400 gr;22500,00;26999,99;
Páginas 184-185;43020054;Juego de sábanas 2 1/2 plazas Lagos;30834,00;36999,99;
Páginas 186-187;05303036/283;Antitranspirante roll on x 50 g;3920,00;4899,99;Llevá 1 Antitranspirante + 1 Deo femenino a solo $9499.99 (iguales o diferentes)
Páginas 186-187;05307036/299;Deo Corporal femenino x 118 ml;3680,00;4599,99;Llevá 1 Antitranspirante + 1 Deo femenino a solo $9499.99 (iguales o diferentes)
Páginas 186-187;Pregular;Antitranspirante femenino roll on x 50 g (Precio regular);4800,00;5999,99;
Páginas 186-187;Pregular;Deo Corporal femenino x 118 ml (Precio regular);4960,00;6199,99;
Páginas 188-189;16010006;Emulsión manos y cuerpo vitaminas x 280;5313,00;6799,99;Llevá 2 Emulsiones x 280 g a solo $6799.99 c/u (iguales o diferentes)
Páginas 188-189;16010007;Emulsión corporal con Palta y Avena x 280 g;5313,00;6799,99;Llevá 2 Emulsiones x 280 g a solo $6799.99 c/u (iguales o diferentes)
Páginas 188-189;16026003;Emulsión corporal con aceite de coco x 280 g.;5313,00;6799,99;Llevá 2 Emulsiones x 280 g a solo $6799.99 c/u (iguales o diferentes)
Páginas 188-189;16028002;Emulsión corporal aloe vera x 280 gr;5313,00;6799,99;Llevá 2 Emulsiones x 280 g a solo $6799.99 c/u (iguales o diferentes)
Páginas 188-189;Pregular;Emulsión corporal x 280 g. (Precio regular);6250,00;7999,99;
Páginas 190-191;16015004;Crema para manos aloe vera x 80gr;2891,00;3699,99;
Páginas 190-191;16140004;Crema para manos con Palta y Avena x 80 g;2891,00;3699,99;
Páginas 190-191;16203002;Crema para manos con aceite de coco x 80 gr;2891,00;3699,99;
Páginas 190-191;16015005;Crema para rostro aloe vera x 50 gs.;3125,00;3999,99;
Páginas 190-191;16141007;Cremas para rostro con Palta y Avena x 50g;3125,00;3999,99;
Páginas 190-191;16143000;Crema para rostro con aceite de Coco x 50 g;3125,00;3999,99;
Páginas 192-193;05110503/21;Splash Corporal x 125 ml.;4800,00;5999,99;
Páginas 194-195;47371051/53;Delineador en fibra para ojos Colors x 1.5g;7200,00;8999,99;
Páginas 194-195;47474100;Mascara para pestañas Lovely Lashes x 13g;6000,00;7499,99;
Páginas 194-195;47100500/4;Labial So Cute x4gr;3040,00;3799,99;
Contratapa;01600001/298;Eau de parfum roll on x10ml;2000,00;2799,99;Comprando 1 Producto del Catálogo llevá 1 Eau de Parfum roll on a solo $2799.99
Contratapa;01600299;Eau de parfum Roll On N°299 x 10ml - Nuevo;2000,00;2799,99;Comprando 1 Producto del Catálogo llevá 1 Eau de Parfum roll on a solo $2799.99
Contratapa;Pregular;Eau de parfum Roll On x 10ml (Precio regular);2500,00;3499,99;
Revista Secretos - Contratapa;01060055;Loc. Nº 55 x 60 ml.;7250,00;14499,99;
Revista Secretos - Contratapa;01060071;Loc. Nº 71 x 60 ml.;7250,00;14499,99;
Revista Secretos - Contratapa;01060147;Loc. Nº 147 x 60 ml;7250,00;14499,99;
Revista Secretos - Contratapa;01060182;Loc. Nº 182 x 60 ml;7250,00;14499,99;
Revista Secretos - Contratapa;01060184;Loc. Nº 184 x 60 ml;7250,00;14499,99;
Revista Secretos - Contratapa;01060231;Loc Nº 231 x 60ml;7250,00;14499,99;
Revista Secretos - Contratapa;01060256;Loc Nº 256 x 60ml;7250,00;14499,99;
Revista Secretos - Contratapa;01060265;Loc Nº 265 x 60ml;7250,00;14499,99;
Revista Secretos - Contratapa;01060276;Loc Nº 276 x 60ml;7250,00;14499,99;
Revista Secretos - Contratapa;01060288;Loc Nº 288 x 60ml;7250,00;14499,99;
Revista Secretos - Contratapa;01060294;Loc. Nº 294 x 60 ml;7250,00;14499,99;
Revista Secretos - Contratapa;01060296;Loc Nº 296 x 60ml;7250,00;14499,99;
Revista Secretos - Contratapa;01060297;Loc. Nº 297 x60ml;7250,00;14499,99;
Revista Secretos - Contratapa;01060299;Loc Nº299 x 60ml;7250,00;14499,99;
Revista Secretos - Contratapa;01060303;Loc. Nº 303 x 60ml;7250,00;14499,99;
Revista Secretos - Contratapa;01060304;Loc. Nº 304 x 60ml;7250,00;14499,99;
Revista Secretos - Contratapa;01060305;Loc. Nº 305 x 60ml;7250,00;14499,99;
Revista Secretos - Contratapa;01060309;Loc Nº309 x 60ml;7250,00;14499,99;
Revista Secretos - Contratapa;01060310;Loc Nº310 x 60ml;7250,00;14499,99;
Revista Secretos - Contratapa;01060312;Loc. Nº 312 x 60ml;7250,00;14499,99;
Revista Secretos - Contratapa;01060313;Loc. Nº 313 x 60ml;7250,00;14499,99;
Revista Secretos - Contratapa;01060315;Loc. Nº 315 x 60ml;7250,00;14499,99;
Revista Secretos - Contratapa;01060317;Loc. Nº 317 x 60ml;7250,00;14499,99;
Revista Secretos - Contratapa;01060319;Loc. Nº 319 x 60ml;7250,00;14499,99;
Outlet;01030024;Loc. Nº 24 x 30 ml.;4500,00;;
Outlet;01030234;Loc Nº 234 x 30ml;4500,00;;
Outlet;01600071;Eau de parfum roll on alt n 71 x10ml;1500,00;;
Outlet;01600157;Eau de parfum roll on alt nro 157 x10ml;1500,00;;
Outlet;05306242;Deo Corporal femenina nº242 x 118 ml;2900,00;;
Outlet;05620006;Sobre perfumado Mistura de Frutas x 7g;2200,00;;
Outlet;16013009;Crema p/manos Frutilla & Vainilla x 50g;2200,00;;
Outlet;16076242;Crema Anti-Age Manos Nº 242 x 85 g.;2500,00;;
Outlet;47890024;Esmalte SC Shine Pink x 4.5 ml;1500,00;;
Outlet;47892012;Esmalte con glitter S.C Rainbow;1500,00;;
Outlet;47892013;Esmalte con glitter S.C Lollipop;1500,00;;
Outlet;50530113;Porta espiral de metal;4900,00;;
Outlet;50530185;Esponja limpia ranuras;2900,00;;
Merchandising;40006122;Mate Millanel;3900,00;;
Merchandising;78452102;Bolígrafo para Revendedora;590,00;;
Merchandising;78701201;Set de Plumines+portaplumín Nº1;15000,00;;
Merchandising;78701202;Set de Plumines+portaplumín Nº2;15000,00;;
Merchandising;78701203;Set de Plumines+portaplumín Nº3;15000,00;;
Merchandising;78701207;Set de Plumines + portaplumín Nº7;15000,00;;
Merchandising;78701304;Set de Plumines Fragancias Exclusivas Nº4;15000,00;;
Merchandising;78960223;Neceser Botinero Millanel;5900,00;;
Merchandising;78960288;Bolsa Reutilizable 25 x 25 cm;590,00;;
Merchandising;78960529;Estuche portaplumines c/cierre x 48 - Nuevo;19900,00;;
Material de Promoción y Venta;78359004;Remera Millanel azul francia M;12900,00;;
Material de Promoción y Venta;78359005;Remera Millanel azul francia L;12900,00;;
Material de Promoción y Venta;78604006;Pack Volante abre puertas x 250U;8900,00;;
Material de Promoción y Venta;78690001;Notas de Pedido;1100,00;;
Material de Promoción y Venta;78700010;Porta Plumin 10 u.;390,00;;
Material de Promoción y Venta;78750016;Demo plástico de Esmaltes;1500,00;;
Material de Promoción y Venta;00050000;Muestra Fragancia x 5 ml.;1500,00;;
Material de Promoción y Venta;00056500;Muestra Aromatizante x 5ml;1000,00;;
